{
	"$schema": "https://schema.management.azure.com/schemas/2015-01-01/deploymentParameters.json#",
	"contentVersion": "1.0.0.0",
	"parameters": {
		"factoryName": {
			"value": "abhijeetsinghpawaradf"
		},
		"AzureBlobStorageadf_connectionString": {
			"value": ""
		},
		"AzureSqlDatabase1_connectionString": {
			"value": "Integrated Security=False;Encrypt=True;Connection Timeout=30;Data Source=abhijeetserver.database.windows.net;Initial Catalog=abhidatabase"
		},
		"AzureSqlDatabase2_connectionString": {
			"value": "Integrated Security=False;Encrypt=True;Connection Timeout=30;Data Source=abhijeetserver.database.windows.net;Initial Catalog=abhidatabase"
		}
	}
}