{
	"$schema": "http://schema.management.azure.com/schemas/2015-01-01/deploymentTemplate.json#",
	"contentVersion": "1.0.0.0",
	"parameters": {
		"factoryName": {
			"type": "string",
			"metadata": "Data Factory name",
			"defaultValue": "abhijeetsinghpawaradf"
		},
		"AzureBlobStorageadf_connectionString": {
			"type": "secureString",
			"metadata": "Secure string for 'connectionString' of 'AzureBlobStorageadf'"
		},
		"AzureSqlDatabase1_connectionString": {
			"type": "secureString",
			"metadata": "Secure string for 'connectionString' of 'AzureSqlDatabase1'",
			"defaultValue": "Integrated Security=False;Encrypt=True;Connection Timeout=30;Data Source=abhijeetserver.database.windows.net;Initial Catalog=abhidatabase"
		},
		"AzureSqlDatabase2_connectionString": {
			"type": "secureString",
			"metadata": "Secure string for 'connectionString' of 'AzureSqlDatabase2'",
			"defaultValue": "Integrated Security=False;Encrypt=True;Connection Timeout=30;Data Source=abhijeetserver.database.windows.net;Initial Catalog=abhidatabase"
		},
		"containerUri": {
			"type": "string",
			"metadata": "URI to storage account containing linked ARM templates"
		},
		"containerSasToken": {
			"type": "string",
			"metadata": "Sas token to storage account containing linked ARM templates"
		}
	},
	"variables": {
		"factoryId": "[concat('Microsoft.DataFactory/factories/', parameters('factoryName'))]"
	},
	"resources": [
		{
			"name": "abhijeetsinghpawaradf_ArmTemplate_0",
			"type": "Microsoft.Resources/deployments",
			"apiVersion": "2024-03-01",
			"properties": {
				"mode": "incremental",
				"templateLink": {
					"uri": "[concat(parameters('containerUri'), '/ArmTemplate_0.json', parameters('containerSasToken'))]",
					"contentVersion": "1.0.0.0"
				},
				"parameters": {
					"factoryName": {
						"value": "[parameters('factoryName')]"
					},
					"AzureBlobStorageadf_connectionString": {
						"value": "[parameters('AzureBlobStorageadf_connectionString')]"
					},
					"AzureSqlDatabase1_connectionString": {
						"value": "[parameters('AzureSqlDatabase1_connectionString')]"
					},
					"AzureSqlDatabase2_connectionString": {
						"value": "[parameters('AzureSqlDatabase2_connectionString')]"
					}
				}
			},
			"dependsOn": []
		}
	]
}